2	TPV	Productos TPV	0	0	2
15	7. Aceites y Aceitunas	Aceites vegetales y aceitunas seleccionadas a granel.	2	0	10
16	8. Ajíes y Ajos	Ajíes secos, en polvo y ajos para condimentar.	2	0	19
17	1. Frutos Secos y Semillas	Almendras, nueces, pistachos, chía, ajonjolí y otras semillas nutritivas.	2	0	83
18	6. Harinas y Cereales	Harinas seleccionadas, avena, amaranto, cereales y arroz.	2	0	23
19	3. Chocolates y Dulces	Chocolates artesanales, caramelos, y dulces gourmet.	2	0	54
20	4. Especias y Condimentos	Canela, clavo de olor, comino, cúrcuma, sales y condimentos varios.	2	0	31
21	2. Frutas Deshidratadas	Pasas, arándanos, ciruelas, dátiles y frutas secas naturales.	2	0	45
22	5. Hojas, Flores e Infusiones	Hojas deshidratadas para infusiones y té de diversas hierbas aromáticas.	2	0	75
23	9. Miel y Café	Miel de abeja pura y café en grano o en polvo.	2	0	6
24	Otros	Otros productos varios, sales especiales y complementos.	2	0	77
25	0. Favoritos		2	0	2
