name,category,sourceIndex,n_desc_chars,n_images,note
ACEITE DE COCO,ACEITES,1,4720,1,
MIEL DE ABEJA,ACEITES,47,3847,1,
ARROZ PARA SUSHI,SEMILLAS Y CEREALES,89,1448,1,
QUINUA POP,SEMILLAS Y CEREALES,101,917,1,
GRANOLA,SEMILLAS Y CEREALES,111,1404,1,
MIJO,SEMILLAS Y CEREALES,122,747,1,
MOSTAZA,SEMILLAS Y CEREALES,130,581,1,
CARDOMARIANO,SEMILLAS Y CEREALES,134,3050,1,
CÁÑAMO,SEMILLAS Y CEREALES,167,865,1,
AMARANTO,SEMILLAS Y CEREALES,175,603,1,
AMARANTO POP,SEMILLAS Y CEREALES,179,1377,1,
AVENA EN HOJUELA,SEMILLAS Y CEREALES,194,1160,1,
AVENA TOSTADA,SEMILLAS Y CEREALES,201,1332,1,
QUINUA ROJA,SEMILLAS Y CEREALES,210,567,1,
GIRASOL,SEMILLAS,214,1092,1,
MORINGA EN SEMILLAS,SEMILLAS,221,894,1,
LINAZA,SEMILLAS,233,2960,1,
HINOJO,SEMILLAS,254,1196,1,
ENELDO,SEMILLAS,269,2368,1,
FENOGRECO,SEMILLAS,308,572,1,
CORIANDRO,SEMILLAS,313,456,1,
CHÍA,SEMILLAS,318,874,1,
CARDAMOMO,SEMILLAS,323,642,1,
CAFÉ GOURMET,SEMILLAS,329,1604,0,
ALPISTE,SEMILLAS,337,668,1,
AJONJOLÍ,SEMILLAS,342,3413,1,
AJONJOLÍ NEGRO,SEMILLAS,374,885,2,
SEMILLA DE SAMBO,SEMILLAS,383,849,0,
PIMIENTA NEGRA,CONDIMENTOS Y ESPECIAS,397,3947,1,
PIMIENTA VERDE,CONDIMENTOS Y ESPECIAS,420,698,1,
PIMIENTA ROJA,CONDIMENTOS Y ESPECIAS,424,1143,1,
PIMIENTA BLANCA,CONDIMENTOS Y ESPECIAS,429,1162,1,
PIMIENTA DULCE,CONDIMENTOS Y ESPECIAS,436,3697,1,
USOS TRADICIONALES DE LA PIMIENTA DULCE,CONDIMENTOS Y ESPECIAS,462,736,0,
PAPRIKA,CONDIMENTOS Y ESPECIAS,467,646,1,
PAPRIKA AHUMADA,CONDIMENTOS Y ESPECIAS,473,1286,2,
CANELA EN RAMA / CANELA EN POLVO,CONDIMENTOS Y ESPECIAS,482,709,1,
JENGIBRE,CONDIMENTOS Y ESPECIAS,487,659,1,
ISHPINGO,CONDIMENTOS Y ESPECIAS,502,813,1,
CURRY,CONDIMENTOS Y ESPECIAS,506,1128,1,
CÚRCUMA,CONDIMENTOS Y ESPECIAS,520,2256,1,
COMINO,CONDIMENTOS Y ESPECIAS,536,727,1,
CLAVO DE OLOR /CLAVO DE OLOR MOLIDO,CONDIMENTOS Y ESPECIAS,543,2593,2,
CEBOLLA EN POLVO,CONDIMENTOS Y ESPECIAS,561,339,1,
CEBOLLA EN ESCAMAS,CONDIMENTOS Y ESPECIAS,564,492,0,
PIMIENTA CAYENA EN POLVO,CONDIMENTOS Y ESPECIAS,568,1071,1,
AZAFRÁN,CONDIMENTOS Y ESPECIAS,573,874,1,
ANÍS ESTRELLADO,CONDIMENTOS Y ESPECIAS,579,1050,1,
ANÍS EGIPCIO,CONDIMENTOS Y ESPECIAS,584,936,1,
LEVADURA NUTRICIONAL,CONDIMENTOS Y ESPECIAS,592,2254,1,
AJO GRANULADO,CONDIMENTOS Y ESPECIAS,601,386,1,
AJO EN POLVO,CONDIMENTOS Y ESPECIAS,611,403,1,
AJO EN ESCAMAS,CONDIMENTOS Y ESPECIAS,620,380,1,
AJÍ EN POLVO,CONDIMENTOS Y ESPECIAS,630,992,1,
AJÍ PASILLA,CONDIMENTOS Y ESPECIAS,641,357,1,
AJÍ CHIPOTLE,CONDIMENTOS Y ESPECIAS,649,350,1,
AJÍ GUAJILLO,CONDIMENTOS Y ESPECIAS,656,313,1,
AJÍ DE ÁRBOL,CONDIMENTOS Y ESPECIAS,666,370,1,
CHILE ANCHO,CONDIMENTOS Y ESPECIAS,674,362,1,
CHILE HABANERO,CONDIMENTOS Y ESPECIAS,682,437,1,
CHILE PANCA,CONDIMENTOS Y ESPECIAS,690,403,1,
AJÍ ESCABECHI,CONDIMENTOS Y ESPECIAS,699,206,1,
ACHIOTE EN GRANO,CONDIMENTOS Y ESPECIAS,706,1310,1,
ACHIOTE EN POLVO,CONDIMENTOS Y ESPECIAS,722,1414,1,
NUEZ,FRUTOS SECOS,744,2396,1,
ALMENDRAS,FRUTOS SECOS,767,2552,1,
ALMENDRA FILETEADA,FRUTOS SECOS,793,1340,1,
ALMENDRA DE SAL,FRUTOS SECOS,810,377,1,
PISTACHOS,FRUTOS SECOS,815,3561,1,
ARÁNDANOS,FRUTOS SECOS,849,1018,1,
PASAS,FRUTOS SECOS,859,1876,1,
PASAS RUBIA,FRUTOS SECOS,882,2239,1,
CIRUELAS PASA,FRUTOS SECOS,903,1945,1,
AVELLANAS,FRUTOS SECOS,925,2235,1,
NUEZ PECANA,FRUTOS SECOS,948,4142,1,
NUEZ DE LA INDIA / CASHEW,FRUTOS SECOS,988,2265,1,
MACADAMIA,FRUTOS SECOS,1009,1988,1,
NUEZ DE BRASIL,FRUTOS SECOS,1029,6085,1,
DÁTILES,FRUTOS SECOS,1066,1567,1,
MIX DE FRUTOS SECOS,FRUTOS SECOS,1087,1767,1,
DAMASCO DESHIDRATADO,FRUTOS DESHIDRATADOS,1121,3515,1,
HIGO TURCO,FRUTOS DESHIDRATADOS,1143,2171,1,
ESPIRULINA,HIERBAS MEDICINALES,1166,2089,0,
TÉ MATCHA,HIERBAS MEDICINALES,1179,2407,1,
ROMERO MOLIDO,HIERBAS MEDICINALES,1210,564,2,
TOMILLO MOLIDO,HIERBAS MEDICINALES,1216,679,0,
ORÉGANO MOLIDO,HIERBAS MEDICINALES,1220,2047,1,
MORINGA,HIERBAS MEDICINALES,1247,5124,1,
LAUREL,HIERBAS MEDICINALES,1295,2348,1,
ALBAHACA,HIERBAS MEDICINALES,1327,4119,1,
UÑA DE GATO,HIERBAS MEDICINALES,1375,1549,1,
VALERIANA,HIERBAS MEDICINALES,1395,2505,1,
TORONJIL,HIERBAS MEDICINALES,1424,1416,1,
TILO,HIERBAS MEDICINALES,1442,2403,1,
TÉ VERDE,HIERBAS MEDICINALES,1470,1230,0,
TÉ ROJO,HIERBAS MEDICINALES,1484,0,0,
TÉ VERDE,HIERBAS MEDICINALES,1487,0,0,
TOMILLO TRITURADO,HIERBAS MEDICINALES,1491,3348,1,
SEN,HIERBAS MEDICINALES,1522,1503,1,
SALVIA,HIERBAS MEDICINALES,1539,1315,1,
ROMERO EN HOJAS,HIERBAS MEDICINALES,1551,2472,1,
PAICO,HIERBAS MEDICINALES,1577,2488,0,
ORTIGA,HIERBAS MEDICINALES,1605,4103,0,
ORÉGANO EN HOJA,HIERBAS MEDICINALES,1663,3025,1,
ESPIRULINA,HIERBAS MEDICINALES,1707,0,0,
ALGAS NORI,HIERBAS MEDICINALES,1710,0,0,
MORINGA EN HOJAS,HIERBAS MEDICINALES,1714,4678,1,
MENTA,HIERBAS MEDICINALES,1778,3012,0,
MEJORANA,HIERBAS MEDICINALES,1832,0,0,
MATICO,HIERBAS MEDICINALES,1836,6351,1,
MANZANILLA,HIERBAS MEDICINALES,1899,2688,1,
LLANTÉN,HIERBAS MEDICINALES,1917,2085,1,
LAVANDA,HIERBAS MEDICINALES,1949,2378,1,
LAUREL,HIERBAS MEDICINALES,1981,1885,1,
FLOR DE JAMAICA,HIERBAS MEDICINALES,2006,3217,2,
HOJA DE NARANJA,HIERBAS MEDICINALES,2033,2038,0,
HIERBA MAGGI,HIERBAS MEDICINALES,2064,0,0,
HIERBA LUISA,HIERBAS MEDICINALES,2067,0,0,
HERCAMPURI,HIERBAS MEDICINALES,2070,0,0,
GUAYUSA,HIERBAS MEDICINALES,2073,0,0,
GUAVIDUCA,HIERBAS MEDICINALES,2075,667,1,
GRAVIOLA O GUANÁBANA,HIERBAS MEDICINALES,2082,1493,1,
EUCALIPTO AROMÁTICO,HIERBAS MEDICINALES,2096,1041,1,
ESTRAGÓN,HIERBAS MEDICINALES,2118,1473,1,
COLA DE CABALLO,HIERBAS MEDICINALES,2140,1510,1,
PASIFLORA,HIERBAS MEDICINALES,2158,711,1,
ENELDO,HIERBAS MEDICINALES,2164,913,1,
ESTEVIA,HIERBAS MEDICINALES,2183,2398,1,
DIENTE DE LEÓN,HIERBAS MEDICINALES,2208,4415,0,
CHILANGUA,HIERBAS MEDICINALES,2242,2419,1,
CHANCAPIEDRA,HIERBAS MEDICINALES,2272,0,0,
CEDRÓN,HIERBAS MEDICINALES,2274,0,0,
CALÉNDULA,HIERBAS MEDICINALES,2276,0,0,
ATACO,HIERBAS MEDICINALES,2278,0,0,
BOLDO,HIERBAS MEDICINALES,2280,0,0,
ALCACHOFA,HIERBAS MEDICINALES,2282,0,0,
ALFALFA MOLIDA,HIERBAS MEDICINALES,2284,0,0,
APIO,HIERBAS MEDICINALES,2286,0,0,
HOJA DE GUANABANA,HIERBAS MEDICINALES,2288,0,0,
HOJAS DE MANGO,HIERBAS MEDICINALES,2292,1152,1,
VALERIANA,HIERBAS MEDICINALES,2301,4094,0,
POLEN,HARINAS,2314,0,0,name-only list entry (no description/image in docx)
COUS COUS,HARINAS,2316,0,0,name-only list entry (no description/image in docx)
PANKO,HARINAS,2318,0,0,name-only list entry (no description/image in docx)
COCO EN HOJUELA,HARINAS,2320,0,0,name-only list entry (no description/image in docx)
HARINA DE COCO,HARINAS,2322,0,0,name-only list entry (no description/image in docx)
HARINA DE ALMENDRA,HARINAS,2324,0,0,name-only list entry (no description/image in docx)
HARINA DE QUINUA,HARINAS,2326,0,0,name-only list entry (no description/image in docx)
HARINA DE ARROZ,HARINAS,2328,0,0,name-only list entry (no description/image in docx)
GELATINA SIN SABOR,HARINAS,2330,0,0,name-only list entry (no description/image in docx)
COLAGENO HIDROLIZADO,HARINAS,2331,0,0,name-only list entry (no description/image in docx)
MACA NEGRA,HARINAS,2333,0,0,name-only list entry (no description/image in docx)
MACA ROJA,HARINAS,2335,0,0,name-only list entry (no description/image in docx)
MACA AMARILLA,HARINAS,2337,0,0,name-only list entry (no description/image in docx)
Choco cobertura blanca,REPOSTERÍA,2343,0,0,name-only list entry (no description/image in docx)
Choco cobertura negra,REPOSTERÍA,2344,0,0,name-only list entry (no description/image in docx)
choc chispas negro,REPOSTERÍA,2345,0,0,name-only list entry (no description/image in docx)
choco chispas blanca,REPOSTERÍA,2346,0,0,name-only list entry (no description/image in docx)
cacao en polvo,REPOSTERÍA,2347,0,0,name-only list entry (no description/image in docx)
chocolate amargo en tableta,REPOSTERÍA,2348,0,0,name-only list entry (no description/image in docx)
chocolate dulce en tableta,REPOSTERÍA,2349,0,0,name-only list entry (no description/image in docx)
Agar agar,REPOSTERÍA,2350,0,0,name-only list entry (no description/image in docx)
goma xantana,REPOSTERÍA,2351,0,0,name-only list entry (no description/image in docx)
sal rosada del himalaya,SALES Y COMPUESTOS,2354,0,0,name-only list entry (no description/image in docx)
sal marina,SALES Y COMPUESTOS,2355,0,0,name-only list entry (no description/image in docx)
fruta confitada,CONFITES,2358,0,0,name-only list entry (no description/image in docx)
Choco grajeas,CONFITES,2359,0,0,name-only list entry (no description/image in docx)
cerezas en almibar,CONFITES,2360,0,0,name-only list entry (no description/image in docx)
naranja confitada,CONFITES,2361,0,0,name-only list entry (no description/image in docx)
jengibre confitado,CONFITES,2362,0,0,name-only list entry (no description/image in docx)
choco nuez,CONFITES,2363,0,0,name-only list entry (no description/image in docx)
choco almendra,CONFITES,2364,0,0,name-only list entry (no description/image in docx)
choco avellana,CONFITES,2365,0,0,name-only list entry (no description/image in docx)
choco macadamia,CONFITES,2366,0,0,name-only list entry (no description/image in docx)
choco arándanos,CONFITES,2367,0,0,name-only list entry (no description/image in docx)
choco pasas,CONFITES,2368,0,0,name-only list entry (no description/image in docx)
choco naranja,CONFITES,2369,0,0,name-only list entry (no description/image in docx)
choco café,CONFITES,2370,0,0,name-only list entry (no description/image in docx)
choco maracuyá,CONFITES,2371,0,0,name-only list entry (no description/image in docx)
choco menta,CONFITES,2372,0,0,name-only list entry (no description/image in docx)
choco cereza,CONFITES,2373,0,0,name-only list entry (no description/image in docx)
maní ajonjolí,CONFITES,2374,0,0,name-only list entry (no description/image in docx)
maní cris,CONFITES,2375,0,0,name-only list entry (no description/image in docx)
maní japones,CONFITES,2376,0,0,name-only list entry (no description/image in docx)
caramelo almendra,CONFITES,2377,0,0,name-only list entry (no description/image in docx)
maní cris,CONFITES,2378,0,0,name-only list entry (no description/image in docx)
maní horneado,CONFITES,2379,0,0,name-only list entry (no description/image in docx)
almendra salada,CONFITES,2380,0,0,name-only list entry (no description/image in docx)
almendra ahumada,CONFITES,2381,0,0,name-only list entry (no description/image in docx)
habas saladas,CONFITES,2382,0,0,name-only list entry (no description/image in docx)
habas picantes,CONFITES,2383,0,0,name-only list entry (no description/image in docx)
habas de dulce,CONFITES,2384,0,0,name-only list entry (no description/image in docx)
Maca:,CONFITES,2385,865,5,
AVENA EN HOJUELA,CONFITES,2394,243,0,
MATCHA:,CONFITES,2397,298,0,
Fortalece el sistema inmunitario y reduce el estrés,CONFITES,2406,284,0,
Habas fritas con sal,CONFITES,2410,0,2,
Tostado de dulce,CONFITES,2421,0,0,name-only list entry (no description/image in docx)
