slug,name,categorySlug,ref,n_options,n_images,has_docx,notes
aceite-de-aguacate,Aceite de Aguacate,aceites-aceitunas,ACE-001,1,0,,
aceite-de-ajonjoli,Aceite de Ajonjolí,aceites-aceitunas,ACE-002,1,1,yes,
aceite-de-coco-extra-virgen,Aceite de Coco Extra Virgen,aceites-aceitunas,ACE-003,3,1,yes,
aceite-de-oliva-pequeno,Aceite de Oliva Pequeño,aceites-aceitunas,ACE-006,1,0,,
aceite-de-oliva-grande,Aceite de Oliva Grande,aceites-aceitunas,ACE-007,1,0,,
aceituna-negra,Aceituna Negra,aceites-aceitunas,ACE-008,1,0,,
aceituna-verde,Aceituna Verde,aceites-aceitunas,ACE-009,1,0,,
achiote-en-grano,Achiote en Grano,especias-hierbas,ACH-001,1,1,yes,
achiote-en-polvo,Achiote en Polvo,especias-hierbas,ACH-002,1,1,yes,
aji-panca-deshidratado,Aji Panca Deshidratado,ajies-ajos,AJI-001,2,0,,
aji-peruano-polvo,Aji Peruano Polvo,ajies-ajos,AJI-003,1,0,,
aji-picante-en-polvo,Aji Picante en Polvo,ajies-ajos,AJI-004,1,0,,
aji-escama-rojo,Aji Escama Rojo,ajies-ajos,AJI-005,1,0,,
aji-chile-de-arbol-deshidratado,Aji Chile de Arbol Deshidratado,ajies-ajos,AJI-006,1,0,,
aji-chipotle-deshidrtatado,Aji Chipotle Deshidrtatado,ajies-ajos,AJI-007,1,0,,
aji-ancho-deshidratado,Aji Ancho Deshidratado,ajies-ajos,AJI-008,1,0,,
aji-habanero-deshidratado,Aji Habanero Deshidratado,ajies-ajos,AJI-009,1,0,,
aji-guajillo,Aji Guajillo,ajies-ajos,AJI-010,2,0,,
aji-tajin,Ají Tajin,ajies-ajos,AJI-012,1,0,,
aji-escama-rojo-1,Ají Escama Rojo,ajies-ajos,AJI-013,2,0,,
aji-guajillo-deshidratado,Aji Guajillo Deshidratado,ajies-ajos,AJI-015,2,0,,
ajo-en-escama,Ajo en Escama,ajies-ajos,AJO-001,1,1,yes,
ajo-molido,Ajo Molido,ajies-ajos,AJO-002,2,0,,
ajonjoli-cascara,Ajonjoli Cáscara,frutos-secos,AJO-004,3,1,yes,
ajonjoli-negro,Ajonjoli Negro,frutos-secos,AJO-007,3,1,yes,
ajonjoli-pelado,Ajonjoli Pelado,frutos-secos,AJO-010,3,1,yes,
albahaca,Albahaca,especias-hierbas,ALB-001,1,1,yes,category via docx section 'HIERBAS MEDICINALES'
almendras,Almendras,frutos-secos,ALM-001,2,1,yes,
almendra-fileteada,Almendra Fileteada,frutos-secos,ALM-003,2,1,yes,
alpiste,Alpiste,semillas-granos,ALP-001,1,1,yes,category via docx section 'SEMILLAS'
amaranto-en-grano,Amaranto en Grano,harinas-cereales,AMA-001,2,1,yes,
amaranto-pop-natural,Amaranto Pop Natural,harinas-cereales,AMA-003,2,1,yes,docx name matched 2 products; used first
amaranto-harina,Amaranto Harina,harinas-cereales,AMA-005,2,1,yes,
anis-de-pan,Anis de Pan,especias-hierbas,ANI-001,1,0,,
anis-estrellado,Anis Estrellado,especias-hierbas,ANI-002,2,0,,
avena-en-hojuela,Avena en Hojuela,harinas-cereales,AVE-001,1,1,yes,
avena-tostada,Avena Tostada,harinas-cereales,AVE-002,1,1,yes,
arandanos,Arandanos,frutas-deshidratadas,ARA-001,1,0,,
avellanas,Avellanas,frutos-secos,AVE-003,1,1,yes,category via docx section 'FRUTOS SECOS'
aceitunas,Aceitunas,aceites-aceitunas,ACE-010,1,0,,
almendra-harina,Almendra Harina,frutos-secos,ALM-005,2,0,,
alginato,Alginato,otros,ALG-001,1,0,,defaulted to Otros (no confident category)
agar-agar,Agar Agar,cacao-chocolates,AGA-001,1,0,yes,category via docx section 'REPOSTERÍA'
bicarbonato-de-sodio,Bicarbonato de Sodio,otros,BIC-001,1,0,,defaulted to Otros (no confident category)
boldo-hoja-deshidratada,Boldo Hoja Deshidratada,infusiones-tes,BOL-001,1,0,yes,
cacahuate,Cacahuate,frutos-secos,CAC-001,1,0,,
cafe-grano,Café Grano,endulzantes,CAF-001,1,0,,
cafe-polvo,Café Polvo,endulzantes,CAF-002,1,0,,
cloruro-de-calcio,Cloruro de Calcio,otros,CLO-001,1,0,,defaulted to Otros (no confident category)
canela-rama,Canela Rama,especias-hierbas,CAN-001,2,0,,
canela-en-polvo,Canela en Polvo,especias-hierbas,CAN-003,2,1,yes,
caramelo-almendra,Caramelo Almendra,frutos-secos,CAR-001,4,0,yes,
cardamomo-cascara,Cardamomo Cáscara,semillas-granos,CAR-003,2,1,yes,category via docx section 'SEMILLAS'
cardomariano,Cardomariano,semillas-granos,CAR-005,3,1,yes,category via docx section 'SEMILLAS Y CEREALES'
cebolla-en-escama,Cebolla en Escama,especias-hierbas,CEB-001,1,0,yes,
cebolla-en-polvo,Cebolla en Polvo,especias-hierbas,CEB-002,1,1,yes,
cereal-arroz-blanco,Cereal Arroz Blanco,harinas-cereales,CER-001,1,0,,
cereal-arroz-blanco-colores,Cereal Arroz Blanco Colores,harinas-cereales,CER-002,1,0,,
cereal-mote-mafaldas,Cereal Mote ( Mafaldas ),harinas-cereales,CER-003,1,0,,
cereal-trigo,Cereal Trigo,harinas-cereales,CER-004,1,0,,
champinon-seco-de-bosque-de-pino,Champiñón Seco de Bosque de Pino,otros,CHA-001,1,0,,defaulted to Otros (no confident category)
chia-semilla,Chia Semilla,frutos-secos,CHI-001,3,0,,
choco-almendras-diabeticos,Choco Almendras Diabéticos,frutos-secos,CHO-001,1,1,yes,docx name matched 2 products; used first
choco-almendras,Choco Almendras,frutos-secos,CHO-002,3,1,yes,docx name matched 2 products; used first
choco-uvilla,Choco Uvilla,cacao-chocolates,CHO-005,3,0,,
choco-avellanas,Choco Avellanas,cacao-chocolates,CHO-008,3,1,yes,docx name matched 2 products; used first
choco-cafe,Choco Café,cacao-chocolates,CHO-011,3,0,yes,
choco-menta,Choco Menta,cacao-chocolates,CHO-014,3,0,yes,
choco-pasas,Choco Pasas,cacao-chocolates,CHO-017,3,0,yes,
choco-arandanos,Choco Arándanos,cacao-chocolates,CHO-020,3,0,yes,
choco-nuez,Choco Nuez,frutos-secos,CHO-023,3,0,yes,
choco-naranja,Choco Naranja,cacao-chocolates,CHO-026,3,0,yes,
choco-maracuya,Choco Maracuyá,cacao-chocolates,CHO-029,3,0,yes,
choco-cereza,Choco Cereza,cacao-chocolates,CHO-032,3,0,yes,
choco-mani,Choco Maní,frutos-secos,CHO-035,3,0,,
choco-guanabana,Choco Guanábana,cacao-chocolates,CHO-038,3,0,,
chocolate-tanager-100-cacao,Chocolate Tanager 100 % Cacao,cacao-chocolates,CHO-041,1,0,,
chocolate-tanager-70-cacao-con-arandanos,Chocolate Tanager 70 % Cacao con Arándanos,cacao-chocolates,CHO-042,1,1,yes,
chocolate-60-cacao-con-almendras,Chocolate 60 % Cacao con Almendras,frutos-secos,CHO-043,1,1,yes,
chocolate-50-cacao,Chocolate 50 % Cacao,cacao-chocolates,CHO-044,1,0,,
chocolate-33-cacao-blanco,Chocolate 33 % Cacao Blanco,cacao-chocolates,CHO-045,1,0,,
chocolate-amargo-polvo-tanager,Chocolate Amargo Polvo Tanager,cacao-chocolates,CHO-046,1,0,,
chocolate-amargo-en-polvo,Chocolate Amargo en Polvo,cacao-chocolates,CHO-047,1,0,,
chocolate-chispitas-blanco,Chocolate Chispitas Blanco,cacao-chocolates,CHO-048,2,0,,
chocolate-chispitas-negro,Chocolate Chispitas Negro,cacao-chocolates,CHO-050,2,0,,
chocolate-cobertura-blanco,Chocolate Cobertura Blanco,cacao-chocolates,CHO-052,2,0,,
chocolate-cobertura-negro-semiamargo,Chocolate Cobertura Negro Semiamargo,cacao-chocolates,CHO-054,2,0,,
chocolate-amargo-pastilla,Chocolate Amargo Pastilla,cacao-chocolates,CHO-056,2,0,,
chocolate-m-m,Chocolate M&M,cacao-chocolates,CHO-058,1,0,,
champinonese-secos,Champiñonese Secos,otros,CHA-002,1,0,,defaulted to Otros (no confident category)
ciruelas-pasas,Ciruelas Pasas,frutas-deshidratadas,CIR-001,2,1,yes,docx name matched 2 products; used first
clavo-de-olor-molido,Clavo de Olor Molido,especias-hierbas,CLA-001,1,2,yes,
clavo-de-olor-pepa,Clavo de Olor Pepa,especias-hierbas,CLA-002,1,0,,
cashew-natural,Cashew Natural,frutos-secos,CAS-001,3,0,,
cashew-tostado,Cashew Tostado,frutos-secos,CAS-004,3,0,,
coco-en-hojuelas,Coco en Hojuelas,frutas-deshidratadas,COC-001,3,0,yes,
comino-en-grano,Comino en Grano,especias-hierbas,COM-001,1,1,yes,
comino-molido,Comino Molido,especias-hierbas,COM-002,1,1,yes,
curcuma-molida,Curcuma Molida,especias-hierbas,CUR-001,3,0,,
cuscus,Cuscus,harinas-cereales,CUS-001,1,0,,
curry-molido,Curry Molido,especias-hierbas,CUR-004,1,1,yes,category via docx section 'CONDIMENTOS Y ESPECIAS'
cerezas-en-almibar,Cerezas en Almibar,cacao-chocolates,CER-005,1,0,yes,category via docx section 'CONFITES'
cardamomo,Cardamomo,semillas-granos,CAR-008,2,1,yes,category via docx section 'SEMILLAS'
caramelo-jengibre,Caramelo Jengibre,cacao-chocolates,CAR-012,2,1,yes,
cascara-de-naranja-confitada,Cascara de Naranja Confitada,frutas-deshidratadas,CAS-007,2,0,yes,
datiles,Datiles,frutas-deshidratadas,DAT-001,2,0,,
damasco,Damasco,frutas-deshidratadas,DAM-001,3,1,yes,
estevia-hoja,Estevia Hoja,infusiones-tes,EST-001,2,1,yes,
estevia-polvo,Estevia Polvo,infusiones-tes,EST-003,2,1,yes,
estragon,Estragon,especias-hierbas,EST-005,1,0,,category via manual extra-assign
finas-hierbas,Finas Hierbas,especias-hierbas,FIN-001,2,0,,category via manual extra-assign
fenogreco,Fenogreco,semillas-granos,FEN-001,2,1,yes,category via docx section 'SEMILLAS'
fruta-confitada,Fruta Confitada,frutas-deshidratadas,FRU-001,2,0,yes,
flor-de-calendula,Flor de Calendula,infusiones-tes,FLO-001,1,0,,
flor-de-retama,Flor de Retama,infusiones-tes,FLO-002,1,0,,
flor-de-lavanda-5-gr,Flor de Lavanda 5 Gr,infusiones-tes,FLO-003,1,1,yes,
flor-de-jamaica,Flor de Jamaica,infusiones-tes,FLO-004,3,2,yes,
frutos-deshidratatados-fresa,Frutos Deshidratatados Fresa,frutas-deshidratadas,FRU-003,3,0,,category via manual extra-assign
frutos-deshidratatados-manazana-roja,Frutos Deshidratatados Manazana Roja,frutas-deshidratadas,FRU-006,3,0,,category via manual extra-assign
frutos-deshidratatados-manzana-verde,Frutos Deshidratatados Manzana Verde,frutas-deshidratadas,FRU-009,3,0,,category via manual extra-assign
frutos-deshidratatados-mora,Frutos Deshidratatados Mora,frutas-deshidratadas,FRU-012,3,0,,category via manual extra-assign
frutos-deshidratatados-pina,Frutos Deshidratatados Piña,frutas-deshidratadas,FRU-015,3,0,,
frutos-deshidratatados-mango,Frutos Deshidratatados Mango,frutas-deshidratadas,FRU-018,3,0,,
frutos-deshidratatados-kiwi,Frutos Deshidratatados Kiwi,frutas-deshidratadas,FRU-021,3,0,,
frutos-deshidratatados-pitahaya,Frutos Deshidratatados Pitahaya,frutas-deshidratadas,FRU-024,3,0,,
frutos-deshidratatados-uvilla,Frutos Deshidratatados Uvilla,frutas-deshidratadas,FRU-027,3,0,,
frutos-deshidratatados-naranja,Frutos Deshidratatados Naranja,frutas-deshidratadas,FRU-030,3,0,,
frutos-deshidratatados-mandarina,Frutos Deshidratatados Mandarina,frutas-deshidratadas,FRU-033,3,0,,
frutos-deshidratatados-limon,Frutos Deshidratatados Limón,frutas-deshidratadas,FRU-036,3,0,,
frutos-deshidratatados-babano,Frutos Deshidratatados Babano,frutas-deshidratadas,FRU-039,3,0,,category via manual extra-assign
frutos-amarillos-deshidratados-mix,Frutos Amarillos Deshidratados Mix,frutas-deshidratadas,FRU-042,3,0,,category via manual extra-assign
frutos-rojos-deshidratados-mix,Frutos Rojos Deshidratados Mix,frutas-deshidratadas,FRU-045,3,0,,category via manual extra-assign
garbanzo-harina,Garbanzo Harina,harinas-cereales,GAR-001,2,0,,
garbanzo-de-dulce,Garbanzo de Dulce,harinas-cereales,GAR-003,2,0,,
gelatina-sin-sabor,Gelatina Sin Sabor,harinas-cereales,GEL-001,2,0,yes,category via docx section 'HARINAS'
jengibre-caramelo,Jengibre Caramelo,cacao-chocolates,JEN-001,2,1,yes,
jengibre-molido,Jengibre Molido,especias-hierbas,JEN-003,2,1,yes,category via docx section 'CONDIMENTOS Y ESPECIAS'
girasol-semillas-pelada,Girasol Semillas Pelada,frutos-secos,GIR-001,3,1,yes,
granola-normal,Granola Normal,semillas-granos,GRA-001,1,1,yes,category via docx section 'SEMILLAS Y CEREALES'
granola-con-estevia,Granola con Estevia,infusiones-tes,GRA-002,1,1,yes,docx name matched 2 products; used first
granola-artesanal,Granola Artesanal,semillas-granos,GRA-003,1,1,yes,category via docx section 'SEMILLAS Y CEREALES'
guayuza,Guayuza,especias-hierbas,GUA-001,1,0,,category via manual extra-assign
harina-de-chocho-150-gr,Harina de Chocho 150 Gr,harinas-cereales,HAR-001,1,0,,
hondashi-concentrado-de-pescado,Hondashi (concentrado de Pescado),especias-hierbas,HON-001,2,0,,category via manual extra-assign
habas-de-sal,Habas de Sal,legumbres-menestras,HAB-001,1,0,,category via manual extra-assign
habas-picantes,Habas Picantes,cacao-chocolates,HAB-002,1,0,yes,category via docx section 'CONFITES'
habas-de-dulce,Habas de Dulce,cacao-chocolates,HAB-003,1,0,yes,
harina-de-almendra,Harina de Almendra,frutos-secos,HAR-002,2,0,yes,
harina-de-arroz,Harina de Arroz,harinas-cereales,HAR-004,1,0,yes,
higos-secos,Higos Secos,frutas-deshidratadas,HIG-001,1,0,,
hoja-de-coca,Hoja de Coca,infusiones-tes,HOJ-001,1,0,,
harina-de-garbanzo,Harina de Garbanzo,harinas-cereales,HAR-005,2,0,,
hierbas-finas,Hierbas Finas,especias-hierbas,HIE-001,1,0,,category via manual extra-assign
laurel-hoja,Laurel Hoja,infusiones-tes,LAU-001,2,1,yes,docx name matched 2 products; used first
laurel-molido,Laurel Molido,infusiones-tes,LAU-003,1,1,yes,docx name matched 2 products; used first
linaza-grano,Linaza Grano,frutos-secos,LIN-001,2,1,yes,
linaza-molida,Linaza Molida,frutos-secos,LIN-003,2,1,yes,
maca-negra,Maca Negra,harinas-cereales,MAC-001,1,0,yes,category via docx section 'HARINAS'
maca-roja,Maca Roja,harinas-cereales,MAC-002,1,0,yes,category via docx section 'HARINAS'
maca-amarilla,Maca Amarilla,harinas-cereales,MAC-003,1,0,yes,category via docx section 'HARINAS'
macadamia,Macadamia,frutos-secos,MAC-004,3,1,yes,
magui-polvo,Magui Polvo,especias-hierbas,MAG-001,3,0,,category via manual extra-assign
mani-ajonjoli,Mani Ajonjoli,frutos-secos,MAN-001,2,1,yes,
mani-confitado,Maní Confitado,frutos-secos,MAN-003,2,0,,
mani-tostado-con-sal,Mani Tostado con Sal,frutos-secos,MAN-005,2,0,,
mani-tostado-sin-sal,Mani Tostado Sin Sal,frutos-secos,MAN-007,2,0,,
mani-japones,Mani Japonés,frutos-secos,MAN-009,2,0,,
mani-criss,Maní Criss,frutos-secos,MAN-011,2,0,yes,docx name matched 2 products; used first
manzana-deshidratada,Manzana Deshidratada,frutas-deshidratadas,MAN-013,1,0,,category via manual extra-assign
mate-de-coca-delisse-x-100-unid,Mate de Coca Delisse X 100 Unid,infusiones-tes,MAT-001,1,0,,
miel-de-abeja-natural-honey-grande,Miel de Abeja Natural Honey Grande,endulzantes,MIE-001,1,1,yes,
miel-de-abeja-natural-honey-pequena,Miel de Abeja Natural Honey Pequeña,endulzantes,MIE-002,1,1,yes,
miel-de-abeja-colmena-de-milo,Miel de Abeja Colmena de Milo,endulzantes,MIE-003,2,1,yes,
moringa-hoja,Moringa Hoja,infusiones-tes,MOR-001,1,1,yes,
moringa-polvo,Moringa Polvo,infusiones-tes,MOR-002,1,1,yes,
moringa-pepa,Moringa Pepa,infusiones-tes,MOR-003,1,1,yes,
mostaza-grano,Mostaza Grano,especias-hierbas,MOS-001,1,1,yes,
mostaza-molida,Mostaza Molida,especias-hierbas,MOS-002,1,1,yes,
mix-frutos-secos-sal,Mix Frutos Secos Sal,frutos-secos,MIX-001,1,0,,category via manual extra-assign
mix-frutos-secos-dulce,Mix Frutos Secos Dulce,cacao-chocolates,MIX-002,1,0,,
nuez-con-cascara,Nuez con Cáscara,frutos-secos,NUE-001,2,1,yes,
nuez-moscada-pepa,Nuez Moscada Pepa,frutos-secos,NUE-003,1,1,yes,
nuez-mozcada-en-polvo,Nuez Mozcada en Polvo,frutos-secos,NUE-004,1,1,yes,
nuez-pecana-pelada,Nuez Pecana Pelada,frutos-secos,NUE-005,1,1,yes,docx name matched 2 products; used first
nuez-pelada-tipo-cerebro,Nuez Pelada Tipo Cerebro,frutos-secos,NUE-006,1,1,yes,category via docx section 'FRUTOS SECOS'
nuez-pecana-con-cascara,Nuez Pecana con Cascara,frutos-secos,NUE-007,1,1,yes,docx name matched 2 products; used first
nuez-de-brasil,Nuez de Brasil,frutos-secos,NUE-008,1,1,yes,
nuez-macadamia-cuartos,Nuez Macadamia Cuartos,frutos-secos,NUE-009,2,1,yes,docx name matched 3 products; used first
oregano-normal,Oregano Normal,especias-hierbas,ORE-001,1,0,,
oregano-pizza,Oregano Pizza,especias-hierbas,ORE-002,1,0,,
oregano-molido,Oregano Molido,especias-hierbas,ORE-003,1,0,,
papaya-deshidratada,Papaya Deshidratada,frutas-deshidratadas,PAP-001,1,0,,
panco-110-gr,Panco 110 Gr,harinas-cereales,PAN-001,1,0,,
paprica-polvo,Paprica Polvo,especias-hierbas,PAP-002,1,0,,
pasa,Pasa,frutos-secos,PAS-001,1,1,yes,docx name matched 4 products; used first; category via docx section 'FRUTOS SECOS'
pasas-rubias,Pasas Rubias,frutos-secos,PAS-002,1,1,yes,docx name matched 2 products; used first; category via docx section 'FRUTOS SECOS'
pepas-de-girasol-pelado,Pepas de Girasol Pelado,frutos-secos,PEP-001,2,1,yes,
pepas-de-sambo,Pepas de Sambo,frutos-secos,PEP-003,2,0,,
pimienta-cayena,Pimienta Cayena,especias-hierbas,PIM-001,1,1,yes,
pimienta-negra-en-grano,Pimienta Negra en Grano,especias-hierbas,PIM-002,1,1,yes,
pimienta-negra-en-polvo,Pimienta Negra en Polvo,especias-hierbas,PIM-003,1,1,yes,
pimienta-dulce,Pimienta Dulce,cacao-chocolates,PIM-004,1,1,yes,
pina-deshidratada,Piña Deshidratada,frutas-deshidratadas,PIN-001,1,0,,
pistachos,Pistachos,frutos-secos,PIS-001,2,1,yes,
quinoa-pop,Quinoa Pop,semillas-granos,QUI-001,1,0,,category via manual extra-assign
quinoa-negra,Quinoa Negra,semillas-granos,QUI-002,1,0,,category via manual extra-assign
quinoa-roja,Quinoa Roja,semillas-granos,QUI-003,1,0,,category via manual extra-assign
sal-grano,Sal Grano,especias-hierbas,SAL-001,1,0,,
sal-rosada-del-himalaya-grano-125gr,Sal Rosada del Himalaya Grano 125gr,especias-hierbas,SAL-002,1,0,yes,
sal-rosada-del-himalaya-polvo-125gr,Sal Rosada del Himalaya Polvo 125gr,especias-hierbas,SAL-003,1,0,yes,
sopa-ramen-120gr,Sopa Ramen 120gr,harinas-cereales,SOP-001,1,0,,category via manual extra-assign
salvia-35-4-gr,"Salvia 35,4 Gr",infusiones-tes,SAL-004,1,1,yes,
semillas-de-amapola-25-gr,Semillas de Amapola 25 Gr,frutos-secos,SEM-001,1,0,,
semilla-de-apio-50-gr,Semilla de Apio 50 Gr,frutos-secos,SEM-002,1,0,yes,
salvado-de-tigo,Salvado de Tigo,harinas-cereales,SAL-005,1,0,,category via manual extra-assign
soya-en-polvo,Soya en Polvo,harinas-cereales,SOY-001,1,0,,
thaini-300-gr,Thaini 300 Gr,semillas-granos,THA-001,1,0,,category via manual extra-assign
thaini-200-gr-integral,Thaini 200 Gr Integral,semillas-granos,THA-002,1,0,,category via manual extra-assign
teriyaki-250-ml,Teriyaki 250 Ml,especias-hierbas,TER-001,1,0,,category via manual extra-assign
te-negro,Te Negro,infusiones-tes,TEN-001,1,0,,
te-rojo,Te Rojo,infusiones-tes,TER-002,1,0,,
te-verde,Te Verde,infusiones-tes,TEV-001,1,0,,
te-matcha-20-gr,Te Matcha 20 Gr,infusiones-tes,TEM-001,1,0,yes,
te-chai-20-gr,Te Chai 20 Gr,infusiones-tes,TEC-001,1,0,,
tomillo,Tomillo,especias-hierbas,TOM-001,1,0,yes,docx name matched 2 products; used first; category via docx section 'HIERBAS MEDICINALES'
tomate-deshidratado,Tomate Deshidratado,infusiones-tes,TOM-002,1,0,,
tapioca-perla,Tapioca Perla,frutos-secos,TAP-001,1,0,yes,
uvilla-deshidratada,Uvilla Deshidratada,frutas-deshidratadas,UVI-001,1,0,,
vaina-de-vainilla,Vaina de Vainilla,especias-hierbas,VAI-001,1,0,,category via manual extra-assign
vinagre-de-manzana-250-ml,Vinagre de Manzana 250 Ml,especias-hierbas,VIN-001,1,0,,category via manual extra-assign
zen-hojas-deshidratadas,Zen Hojas Deshidratadas,infusiones-tes,ZEN-001,2,0,,
menta-hojas-deshidratadas,Menta Hojas Deshidratadas,infusiones-tes,MEN-001,1,0,yes,
higo-hojas-deshidratadas,Higo Hojas Deshidratadas,frutas-deshidratadas,HIG-002,1,0,,
guayaba-hojas-deshidratadas,Guayaba Hojas Deshidratadas,infusiones-tes,GUA-002,2,0,,
malva-blanca-hojas-deshidratadas,Malva Blanca Hojas Deshidratadas,infusiones-tes,MAL-001,1,0,,
pasiflora-hojas-deshidratadas,Pasiflora Hojas Deshidratadas,infusiones-tes,PAS-003,1,1,yes,
boldo-hojas-deshidratadas,Boldo Hojas Deshidratadas,infusiones-tes,BOL-002,1,0,yes,
moringa-hojas-deshidratadas,Moringa Hojas Deshidratadas,infusiones-tes,MOR-004,1,1,yes,
moringa-semilla,Moringa Semilla,infusiones-tes,MOR-005,1,1,yes,
moringa-en-polvo,Moringa en Polvo,infusiones-tes,MOR-006,1,1,yes,
estevia-hojas-deshidratadas,Estevia Hojas Deshidratadas,infusiones-tes,EST-006,1,1,yes,
trinitaria-hojas-deshidratadas,Trinitaria Hojas Deshidratadas,infusiones-tes,TRI-001,1,0,,
mate-hojas-deshidratadas,Mate Hojas Deshidratadas,infusiones-tes,MAT-002,1,0,,
coca-en-hoja,Coca en Hoja,infusiones-tes,COC-004,1,0,,
hierba-luisa-hojas-deshidratadas,Hierba Luisa Hojas Deshidratadas,infusiones-tes,HIE-002,1,0,yes,
neem-hojas-deshidratadas,Neem Hojas Deshidratadas,infusiones-tes,NEE-001,1,0,,
salvia-hojas-deshidratadas,Salvia Hojas Deshidratadas,infusiones-tes,SAL-006,2,1,yes,
cola-de-caballo-hojas-deshidratadas,Cola de Caballo Hojas Deshidratadas,infusiones-tes,COL-001,1,1,yes,
cedron-hojas-deshidratadas,Cedrón Hojas Deshidratadas,infusiones-tes,CED-001,1,0,yes,
chanca-piedra-hojas-deshidratadas,Chanca Piedra Hojas Deshidratadas,infusiones-tes,CHA-003,1,0,,
taraxaco-hojas-deshidratadas,Taraxaco Hojas Deshidratadas,infusiones-tes,TAR-001,1,0,,
tilo-hojas-deshidratadas,Tilo Hojas Deshidratadas,infusiones-tes,TIL-001,1,1,yes,
ruda-hojas-deshidratadas,Ruda Hojas Deshidratadas,infusiones-tes,RUD-001,1,0,,
hercampuri,Hercampuri,infusiones-tes,HER-001,1,0,yes,
pata-de-vaca-hojas-deshidratadas,Pata de Vaca Hojas Deshidratadas,infusiones-tes,PAT-001,1,0,,
retama-hojas-deshidratadas,Retama Hojas Deshidratadas,infusiones-tes,RET-001,1,0,,
mejorana-hojas-deshidratadas,Mejorana Hojas Deshidratadas,infusiones-tes,MEJ-001,1,0,yes,
paraguay-hojas-deshidratadas,Paraguay Hojas Deshidratadas,infusiones-tes,PAR-001,1,0,,
consuelda-hojas-deshidratadas,Consuelda Hojas Deshidratadas,infusiones-tes,CON-001,1,0,,
insulina-hojas-deshidratadas,Insulina Hojas Deshidratadas,infusiones-tes,INS-001,1,0,,
aguacate-hojas-deshidratadas,Aguacate Hojas Deshidratadas,infusiones-tes,AGU-001,1,0,,
guanabana-hojas-deshidratadas,Guanabana Hojas Deshidratadas,infusiones-tes,GUA-004,1,0,,
mango-hojas-deshidratadas,Mango Hojas Deshidratadas,frutas-deshidratadas,MAN-014,1,0,,
cazamarucha-hojas-deshidratadas,Cazamarucha Hojas Deshidratadas,infusiones-tes,CAZ-001,1,0,,
matico-hojas-deshidratadas,Matico Hojas Deshidratadas,infusiones-tes,MAT-003,1,1,yes,
flor-blanca-deshidratada,Flor Blanca Deshidratada,infusiones-tes,FLO-006,1,0,,
lavanda-hojas-deshidratadas,Lavanda Hojas Deshidratadas,infusiones-tes,LAV-001,1,1,yes,
nispero-hojas-deshidratadas,Níspero Hojas Deshidratadas,infusiones-tes,NIS-001,1,0,,
laurel-hojas-deshidratadas,Laurel Hojas Deshidratadas,infusiones-tes,LAU-004,1,1,yes,docx name matched 2 products; used first
oregano-hojas-deshidratadas,Orégano Hojas Deshidratadas,especias-hierbas,ORE-004,1,0,,
albahaca-hojas-deshidratadas,Albahaca Hojas Deshidratadas,infusiones-tes,ALB-002,1,1,yes,
paico-hojas-deshidratadas,Paico Hojas Deshidratadas,infusiones-tes,PAI-001,1,0,yes,
horchata-hojas-deshidratadas,Horchata Hojas Deshidratadas,infusiones-tes,HOR-001,1,0,,
manzanilla-hojas-deshidratadas,Manzanilla Hojas Deshidratadas,infusiones-tes,MAN-015,1,1,yes,
hinojo-hojas-deshidratadas,Hinojo Hojas Deshidratadas,infusiones-tes,HIN-001,1,1,yes,
te-muna,Te Muña,infusiones-tes,TEM-002,1,0,,
una-de-gato,Uña de Gato,infusiones-tes,GAT-001,1,1,yes,
valeriana-hojas-deshidratadas,Valeriana Hojas Deshidratadas,infusiones-tes,VAL-001,1,1,yes,docx name matched 2 products; used first
